ppm,600K,640K,680K,720K,760K,800K,860K,920K,980K,1050K,1000K
,,,,,,,,,,,
-0.15015015,,,,,,,,,,,
0,,,,,,,,,,,
0.15015015,,,,,,,,,,,
0.3003003,,,,,,,,,,,
0.45045045,,,,,,,,,,,
0.600600601,,,,,,,,,,,
0.750750751,,,,,,,,,,,
0.900900901,,,,,,,,,,,
1.051051051,,,,,,,,,,,
1.201201201,,,,,,,,,,,
1.351351351,,,,,,,,,,,
1.501501502,,,,,,,,,,,
1.651651652,,,,,,,,,,,
1.801801802,,,,,,,,,,,
1.951951952,,,,,,,,,,,
2.102102102,,,,,,,,,,,
2.252252252,,,,,,,,,,,
2.402402402,,,,,,,,,,,
2.552552553,,,,,,,,,,,
2.702702703,,,,,,,,,,,
2.852852853,,,,,,,,,,,
3.003003003,,,,,,,,,,,
3.153153153,,,,,,,,,,,
3.303303303,,,,,,,,,,,
3.453453453,,,,,,,,,,,
3.603603604,,,,,,,,,,,
3.753753754,,,,,,,,,,,
3.903903904,,,,,,,,,,,
4.054054054,,,,,,,,,,,
4.204204204,,,,,,,,,,,
4.354354354,,,,,,,,,,,
4.504504505,,,,,,,,,,,
4.654654655,,,,,,,,,,,
4.804804805,,,,,,,,,,,
4.954954955,,,,,,,,,,,
5.105105105,,,,,,,,,,,
5.255255255,,,,,,,,,,,
5.405405405,,,,,,,,,,,
5.555555556,,,,,,,,,,,
5.705705706,,,,,,,,,,,
5.855855856,,,,,,,,,,,
6.006006006,,,,,,,,,,,
6.156156156,,,,,,,,,,,
6.306306306,,,,,,,,,,,
6.456456456,,,,,,,,,,,
6.606606607,,,,,,,,,,,
6.756756757,,,,,,,,,,,
6.906906907,,,,,,,,,,,
7.057057057,,,,,,,,,,,
7.207207207,,,,,,,,,,,
7.357357357,,,,,,,,,,,
7.507507508,,,,,,,,,,,
7.657657658,,,,,,,,,,,
7.807807808,,,,,,,,,,,
7.957957958,,,,,,,,,,,
8.108108108,,,,,,,,,,,
8.258258258,,,,,,,,,,,
8.408408408,,,,,,,,,,,
8.558558559,,,,,,,,,,,
8.708708709,,,,,,,,,,,
8.858858859,,,,,,,,,,,
9.009009009,,,,,,,,,,,
9.159159159,,,,,,,,,,,
9.309309309,,,,,,,,,,,
9.459459459,,,,,,,,,,,
9.60960961,,,,,,,,,,,
9.75975976,,,,,,,,,,,
9.90990991,,,,,,,,,,,
10.06006006,,,,,,,,,,,
10.21021021,,,,,,,,,,,
10.36036036,,,,,,,,,,,
10.51051051,,,,,,,,,,,
10.66066066,,,,,,,,,,,
10.81081081,,,,,,,,,,,
10.96096096,,,,,,,,,,,
11.11111111,,,,,,,,,,,
11.26126126,,,,,,,,,,,
11.41141141,,,,,,,,,,,
11.56156156,,,,,,,,,,,
11.71171171,,,,,,,,,,,
11.86186186,,,,,,,,,,,
12.01201201,,,,,,,,,,,
12.16216216,,,,,,,,,,,
12.31231231,,,,,,,,,,,
12.46246246,,,,,,,,,,,
12.61261261,,,,,,,,,,,
12.76276276,,,,,,,,,,,
12.91291291,,,,,,,,,,,
13.06306306,,,,,,,,,,,
13.21321321,,,,,,,,,,,
13.36336336,,,,,,,,,,,
13.51351351,,,,,,,,,,,
13.66366366,,,,,,,,,,,
13.81381381,,,,,,,,,,,
13.96396396,,,,,,,,,,,
14.11411411,,,,,,,,,,,
14.26426426,,,,,,,,,,,
14.41441441,,,,,,,,,,,
14.56456456,,,,,,,,,,,
14.71471471,,,,,,,,,,,
14.86486486,,,,,,,,,,,
15.01501502,,,,,,,,,,,
15.16516517,,,,,,,,,,,
15.31531532,,,,,,,,,,,
15.46546547,,,,,,,,,,,
15.61561562,,,,,,,,,,,
15.76576577,,,,,,,,,,,
15.91591592,,,,,,,,,,,
16.06606607,,,,,,,,,,,
16.21621622,,,,,,,,,,,
16.36636637,,,,,,,,,,,
16.51651652,,,,,,,,,,,
16.66666667,,,,,,,,,,,
16.81681682,,,,,,,,,,,
16.96696697,,,,,,,,,,,
17.11711712,,,,,,,,,,,
17.26726727,,,,,,,,,,,
17.41741742,,,,,,,,,,,
17.56756757,,,,,,,,,,,
17.71771772,,,,,,,,,,,
17.86786787,,,,,,,,,,,
18.01801802,,,,,,,,,,,
18.16816817,,,,,,,,,,,
18.31831832,,,,,,,,,,,
18.46846847,,,,,,,,,,,
18.61861862,,,,,,,,,,,
18.76876877,,,,,,,,,,,
18.91891892,,,,,,,,,,,
19.06906907,,,,,,,,,,,
19.21921922,,,,,,,,,,,
19.36936937,,,,,,,,,,,
19.51951952,,,,,,,,,,,
19.66966967,,,,,,,,,,,
19.81981982,,,,,,,,,,,
19.96996997,,,,,,,,,,,
20.12012012,,,,,,,,,,,
20.27027027,,,,,,,,,,,
20.42042042,,,,,,,,,,,
20.57057057,,,,,,,,,,,
20.72072072,,,,,,,,,,,
20.87087087,,,,,,,,,,,
21.02102102,,,,,,,,,,,
21.17117117,,,,,,,,,,,
21.32132132,,,,,,,,,,,
21.47147147,,,,,,,,,,,
21.62162162,,,,,,,,,,,
21.77177177,,,,,,,,,,,
21.92192192,,,,,,,,,,,
22.07207207,,,,,,,,,,,
22.22222222,,,,,,,,,,,
22.37237237,,,,,,,,,,,
22.52252252,,,,,,,,,,,
22.67267267,,,,,,,,,,,
22.82282282,,,,,,,,,,,
22.97297297,,,,,,,,,,,
23.12312312,,,,,,,,,,,
23.27327327,,,,,,,,,,,
23.42342342,,,,,,,,,,,
23.57357357,,,,,,,,,,,
23.72372372,,,,,,,,,,,
23.87387387,,,,,,,,,,,
24.02402402,,,,,,,,,,,
24.17417417,,,,,,,,,,,
24.32432432,,,,,,,,,,,
24.47447447,,,,,,,,,,,
24.62462462,,,,,,,,,,,
24.77477477,,,,,,,,,,,
24.92492492,,,,,,,,,,,
25.07507508,,,,,,,,,,,
25.22522523,,,,,,,,,,,
25.37537538,,,,,,,,,,,
25.52552553,,,,,,,,,,,
25.67567568,,,,,,,,,,,
25.82582583,,,,,,,,,,,
25.97597598,,,,,,,,,,,
26.12612613,,,,,,,,,,,
26.27627628,,,,,,,,,,,
26.42642643,,,,,,,,,,,
26.57657658,,,,,,,,,,,
26.72672673,,,,,,,,,,,
26.87687688,,,,,,,,,,,
27.02702703,,,,,,,,,,,
27.17717718,,,,,,,,,,,
27.32732733,,,,,,,,,,,
27.47747748,,,,,,,,,,,
27.62762763,,,,,,,,,,,
27.77777778,,,,,,,,,,,
27.92792793,,,,,,,,,,,
28.07807808,,,,,,,,,,,
28.22822823,,,,,,,,,,,
28.37837838,,,,,,,,,,,
28.52852853,,,,,,,,,,,
28.67867868,,,,,,,,,,,
28.82882883,,,,,,,,,,,
28.97897898,,,,,,,,,,,
29.12912913,,,,,,,,,,,
29.27927928,,,,,,,,,,,
29.42942943,,,,,,,,,,,
29.57957958,,,,,,,,,,,
29.72972973,,,,,,,,,,,
29.87987988,,,,,,,,,,,
30.03003003,,,,,,,,,,,
30.18018018,,,,,,,,,,,
30.33033033,,,,,,,,,,,
30.48048048,,,,,,,,,,,
30.63063063,,,,,,,,,,,
30.78078078,,,,,,,,,,,
30.93093093,,,,,,,,,,,
31.08108108,,,,,,,,,,,
31.23123123,,,,,,,,,,,
31.38138138,,,,,,,,,,,
31.53153153,,,,,,,,,,,
31.68168168,,,,,,,,,,,
31.83183183,,,,,,,,,,,
31.98198198,,,,,,,,,,,
32.13213213,,,,,,,,,,,
32.28228228,,,,,,,,,,,
32.43243243,,,,,,,,,,,
32.58258258,,,,,,,,,,,
32.73273273,,,,,,,,,,,
32.88288288,,,,,,,,,,,
33.03303303,,,,,,,,,,,
33.18318318,,,,,,,,,,,
33.33333333,,,,,,,,,,,
33.48348348,,,,,,,,,,,
33.63363363,,,,,,,,,,,
33.78378378,,,,,,,,,,,
33.93393393,,,,,,,,,,,
34.08408408,,,,,,,,,,,
34.23423423,,,,,,,,,,,
34.38438438,,,,,,,,,,,
34.53453453,,,,,,,,,,,
34.68468468,,,,,,,,,,,
34.83483483,,,,,,,,,,,
34.98498498,,,,,,,,,,,
35.13513514,,,,,,,,,,,
35.28528529,,,,,,,,,,,
35.43543544,,,,,,,,,,,
35.58558559,,,,,,,,,,,
35.73573574,,,,,,,,,,,
35.88588589,,,,,,,,,,,
36.03603604,,,,,,,,,,,
36.18618619,,,,,,,,,,,
36.33633634,,,,,,,,,,,
36.48648649,,,,,,,,,,,
36.63663664,,,,,,,,,,,
36.78678679,,,,,,,,,,,
36.93693694,,,,,,,,,,,
37.08708709,,,,,,,,,,,
37.23723724,,,,,,,,,,,
37.38738739,,,,,,,,,,,
37.53753754,,,,,,,,,,,
37.68768769,,,,,,,,,,,
37.83783784,,,,,,,,,,,
37.98798799,,,,,,,,,,,
38.13813814,,,,,,,,,,,
38.28828829,,,,,,,,,,,
38.43843844,,,,,,,,,,,
38.58858859,,,,,,,,,,,
38.73873874,,,,,,,,,,,
38.88888889,,,,,,,,,,,
39.03903904,,,,,,,,,,,
39.18918919,,,,,,,,,,,
39.33933934,,,,,,,,,,,
39.48948949,,,,,,,,,,,
39.63963964,,,,,,,,,,,
39.78978979,,,,,,,,,,,
39.93993994,,,,,,,,,,,
40.09009009,,,,,,,,,,,
40.24024024,,,,,,,,,,,
40.39039039,,,,,,,,,,,
40.54054054,,,,,,,,,,,
40.69069069,,,,,,,,,,,
40.84084084,,,,,,,,,,,
40.99099099,,,,,,,,,,,
41.14114114,,,,,,,,,,,
41.29129129,,,,,,,,,,,
41.44144144,,,,,,,,,,,
41.59159159,,,,,,,,,,,
41.74174174,,,,,,,,,,,
41.89189189,,,,,,,,,,,
42.04204204,,,,,,,,,,,
42.19219219,,,,,,,,,,,
42.34234234,,,,,,,,,,,
42.49249249,,,,,,,,,,,
42.64264264,,,,,,,,,,,
42.79279279,,,,,,,,,,,
42.94294294,,,,,,,,,,,
43.09309309,,,,,,,,,,,
43.24324324,,,,,,,,,,,
43.39339339,,,,,,,,,,,
43.54354354,,,,,,,,,,,
43.69369369,,,,,,,,,,,
43.84384384,,,,,,,,,,,
43.99399399,,,,,,,,,,,
44.14414414,,,,,,,,,,,
44.29429429,,,,,,,,,,,
44.44444444,,,,,,,,,,,
44.59459459,,,,,,,,,,,
44.74474474,,,,,,,,,,,
44.89489489,,,,,,,,,,,
45.04504505,,,,,,,,,,,
45.1951952,,,,,,,,,,,
45.34534535,,,,,,,,,,,
45.4954955,,,,,,,,,,,
45.64564565,,,,,,,,,,,
45.7957958,,,,,,,,,,,
45.94594595,,,,,,,,,,,
46.0960961,,,,,,,,,,,
46.24624625,,,,,,,,,,,
46.3963964,,,,,,,,,,,
46.54654655,,,,,,,,,,,
46.6966967,,,,,,,,,,,
46.84684685,,,,,,,,,,,
46.996997,,,,,,,,,,,
47.14714715,,,,,,,,,,,
47.2972973,,,,,,,,,,,
47.44744745,,,,,,,,,,,
47.5975976,,,,,,,,,,,
47.74774775,,,,,,,,,,,
47.8978979,,,,,,,,,,,
48.04804805,,,,,,,,,,,
48.1981982,,,,,,,,,,,
48.34834835,,,,,,,,,,,
48.4984985,,,,,,,,,,,
48.64864865,,,,,,,,,,,
48.7987988,,,,,,,,,,,
48.94894895,,,,,,,,,,,
49.0990991,,,,,,,,,,,
49.24924925,,,,,,,,,,,
49.3993994,,,,,,,,,,,
49.54954955,,,,,,,,,,,
49.6996997,,,,,,,,,,,
49.84984985,,,,,,,,,,,
50,,,,,,,,,,,
50.15015015,,,,,,,,,,,
50.3003003,,,,,,,,,,,
50.45045045,,,,,,,,,,,
50.6006006,,,,,,,,,,,
50.75075075,,,,,,,,,,,
50.9009009,,,,,,,,,,,
51.05105105,,,,,,,,,,,
51.2012012,,,,,,,,,,,
51.35135135,,,,,,,,,,,
51.5015015,,,,,,,,,,,
51.65165165,,,,,,,,,,,
51.8018018,,,,,,,,,,,
51.95195195,,,,,,,,,,,
52.1021021,,,,,,,,,,,
52.25225225,,,,,,,,,,,
52.4024024,,,,,,,,,,,
52.55255255,,,,,,,,,,,
52.7027027,,,,,,,,,,,
52.85285285,,,,,,,,,,,
53.003003,,,,,,,,,,,
53.15315315,,,,,,,,,,,
53.3033033,,,,,,,,,,,
53.45345345,,,,,,,,,,,
53.6036036,,,,,,,,,,,
53.75375375,,,,,,,,,,,
53.9039039,,,,,,,,,,,
54.05405405,,,,,,,,,,,
54.2042042,,,,,,,,,,,
54.35435435,,,,,,,,,,,
54.5045045,,,,,,,,,,,
54.65465465,,,,,,,,,,,
54.8048048,,,,,,,,,,,
54.95495495,,,,,,,,,,,
55.10510511,,,,,,,,,,,
55.25525526,,,,,,,,,,,
55.40540541,,,,,,,,,,,
55.55555556,,,,,,,,,,,
55.70570571,,,,,,,,,,,
55.85585586,,,,,,,,,,,
56.00600601,,,,,,,,,,,
56.15615616,,,,,,,,,,,
56.30630631,,,,,,,,,,,
56.45645646,,,,,,,,,,,
56.60660661,,,,,,,,,,,
56.75675676,,,,,,,,,,,
56.90690691,,,,,,,,,,,
57.05705706,,,,,,,,,,,
57.20720721,,,,,,,,,,,
57.35735736,,,,,,,,,,,
57.50750751,,,,,,,,,,,
57.65765766,,,,,,,,,,,
57.80780781,,,,,,,,,,,
57.95795796,,,,,,,,,,,
58.10810811,,,,,,,,,,,
58.25825826,,,,,,,,,,,
58.40840841,,,,,,,,,,,
58.55855856,,,,,,,,,,,
58.70870871,,,,,,,,,,,
58.85885886,,,,,,,,,,,
59.00900901,,,,,,,,,,,
59.15915916,,,,,,,,,,,
59.30930931,,,,,,,,,,,
59.45945946,,,,,,,,,,,
59.60960961,,,,,,,,,,,
59.75975976,,,,,,,,,,,
59.90990991,,,,,,,,,,,
60.06006006,,,,,,,,,,,
60.21021021,,,,,,,,,,,
60.36036036,,,,,,,,,,,
60.51051051,,,,,,,,,,,
60.66066066,,,,,,,,,,,
60.81081081,,,,,,,,,,,
60.96096096,,,,,,,,,,,
61.11111111,,,,,,,,,,,
61.26126126,,,,,,,,,,,
61.41141141,,,,,,,,,,,
61.56156156,,,,,,,,,,,
61.71171171,,,,,,,,,,,
61.86186186,,,,,,,,,,,
62.01201201,,,,,,,,,,,
62.16216216,,,,,,,,,,,
62.31231231,,,,,,,,,,,
62.46246246,,,,,,,,,,,
62.61261261,,,,,,,,,,,
62.76276276,,,,,,,,,,,
62.91291291,,,,,,,,,,,
63.06306306,,,,,,,,,,,
63.21321321,,,,,,,,,,,
63.36336336,,,,,,,,,,,
63.51351351,,,,,,,,,,,
63.66366366,,,,,,,,,,,
63.81381381,,,,,,,,,,,
63.96396396,,,,,,,,,,,
64.11411411,,,,,,,,,,,
64.26426426,,,,,,,,,,,
64.41441441,,,,,,,,,,,
64.56456456,,,,,,,,,,,
64.71471471,,,,,,,,,,,
64.86486486,,,,,,,,,,,
65.01501502,,,,,,,,,,,
65.16516517,,,,,,,,,,,
65.31531532,,,,,,,,,,,
65.46546547,,,,,,,,,,,
65.61561562,,,,,,,,,,,
65.76576577,,,,,,,,,,,
65.91591592,,,,,,,,,,,
66.06606607,,,,,,,,,,,
66.21621622,,,,,,,,,,,
66.36636637,,,,,,,,,,,
66.51651652,,,,,,,,,,,
66.66666667,,,,,,,,,,,
66.81681682,,,,,,,,,,,
66.96696697,,,,,,,,,,,
67.11711712,,,,,,,,,,,
67.26726727,,,,,,,,,,,
67.41741742,,,,,,,,,,,
67.56756757,,,,,,,,,,,
67.71771772,,,,,,,,,,,
67.86786787,,,,,,,,,,,
68.01801802,,,,,,,,,,,
68.16816817,,,,,,,,,,,
68.31831832,,,,,,,,,,,
68.46846847,,,,,,,,,,,
68.61861862,,,,,,,,,,,
68.76876877,,,,,,,,,,,
68.91891892,,,,,,,,,,,
69.06906907,,,,,,,,,,,
69.21921922,,,,,,,,,,,
69.36936937,,,,,,,,,,,
69.51951952,,,,,,,,,,,
69.66966967,,,,,,,,,,,
69.81981982,,,,,,,,,,,
69.96996997,,,,,,,,,,,
70.12012012,,,,,,,,,,,
70.27027027,,,,,,,,,,,
70.42042042,,,,,,,,,,,
70.57057057,,,,,,,,,,,
70.72072072,,,,,,,,,,,
70.87087087,,,,,,,,,,,
71.02102102,,,,,,,,,,,
71.17117117,,,,,,,,,,,
71.32132132,,,,,,,,,,,
71.47147147,,,,,,,,,,,
71.62162162,,,,,,,,,,,
71.77177177,,,,,,,,,,,
71.92192192,,,,,,,,,,,
72.07207207,,,,,,,,,,,
72.22222222,,,,,,,,,,,
72.37237237,,,,,,,,,,,
72.52252252,,,,,,,,,,,
72.67267267,,,,,,,,,,,
72.82282282,,,,,,,,,,,
72.97297297,,,,,,,,,,,
73.12312312,,,,,,,,,,,
73.27327327,,,,,,,,,,,
73.42342342,,,,,,,,,,,
73.57357357,,,,,,,,,,,
73.72372372,,,,,,,,,,,
73.87387387,,,,,,,,,,,
74.02402402,,,,,,,,,,,
74.17417417,,,,,,,,,,,
74.32432432,,,,,,,,,,,
74.47447447,,,,,,,,,,,
74.62462462,,,,,,,,,,,
74.77477477,,,,,,,,,,,
74.92492492,,,,,,,,,,,
75.07507508,,,,,,,,,,,
75.22522523,,,,,,,,,,,
75.37537538,,,,,,,,,,,
75.52552553,,,,,,,,,,,
75.67567568,,,,,,,,,,,
75.82582583,,,,,,,,,,,
75.97597598,,,,,,,,,,,
76.12612613,,,,,,,,,,,
76.27627628,,,,,,,,,,,
76.42642643,,,,,,,,,,,
76.57657658,,,,,,,,,,,
76.72672673,,,,,,,,,,,
76.87687688,,,,,,,,,,,
77.02702703,,,,,,,,,,,
77.17717718,,,,,,,,,,,
77.32732733,,,,,,,,,,,
77.47747748,,,,,,,,,,,
77.62762763,,,,,,,,,,,
77.77777778,,,,,,,,,,,
77.92792793,,,,,,,,,,,
78.07807808,,,,,,,,,,,
78.22822823,,,,,,,,,,,
78.37837838,,,,,,,,,,,
78.52852853,,,,,,,,,,,
78.67867868,,,,,,,,,,,
78.82882883,,,,,,,,,,,
78.97897898,,,,,,,,,,,
79.12912913,,,,,,,,,,,
79.27927928,,,,,,,,,,,
79.42942943,,,,,,,,,,,
79.57957958,,,,,,,,,,,
79.72972973,,,,,,,,,,,
79.87987988,,,,,,,,,,,
80.03003003,,,,,,,,,,,
80.18018018,,,,,,,,,,,
80.33033033,,,,,,,,,,,
80.48048048,,,,,,,,,,,
80.63063063,,,,,,,,,,,
80.78078078,,,,,,,,,,,
80.93093093,,,,,,,,,,,
81.08108108,,,,,,,,,,,
81.23123123,,,,,,,,,,,
81.38138138,,,,,,,,,,,
81.53153153,,,,,,,,,,,
81.68168168,,,,,,,,,,,
81.83183183,,,,,,,,,,,
81.98198198,,,,,,,,,,,
82.13213213,,,,,,,,,,,
82.28228228,,,,,,,,,,,
82.43243243,,,,,,,,,,,
82.58258258,,,,,,,,,,,
82.73273273,,,,,,,,,,,
82.88288288,,,,,,,,,,,
83.03303303,,,,,,,,,,,
83.18318318,,,,,,,,,,,
83.33333333,,,,,,,,,,,
83.48348348,,,,,,,,,,,
83.63363363,,,,,,,,,,,
83.78378378,,,,,,,,,,,
83.93393393,,,,,,,,,,,
84.08408408,,,,,,,,,,,
84.23423423,,,,,,,,,,,
84.38438438,,,,,,,,,,,
84.53453453,,,,,,,,,,,
84.68468468,,,,,,,,,,,
84.83483483,,,,,,,,,,,
84.98498498,,,,,,,,,,,
85.13513514,,,,,,,,,,,
85.28528529,,,,,,,,,,,
85.43543544,,,,,,,,,,,
85.58558559,,,,,,,,,,,
85.73573574,,,,,,,,,,,
85.88588589,,,,,,,,,,,
86.03603604,,,,,,,,,,,
86.18618619,,,,,,,,,,,
86.33633634,,,,,,,,,,,
86.48648649,,,,,,,,,,,
86.63663664,,,,,,,,,,,
86.78678679,,,,,,,,,,,
86.93693694,,,,,,,,,,,
87.08708709,,,,,,,,,,,
87.23723724,,,,,,,,,,,
87.38738739,,,,,,,,,,,
87.53753754,,,,,,,,,,,
87.68768769,,,,,,,,,,,
87.83783784,,,,,,,,,,,
87.98798799,,,,,,,,,,,
88.13813814,,,,,,,,,,,
88.28828829,,,,,,,,,,,
88.43843844,,,,,,,,,,,
88.58858859,,,,,,,,,,,
88.73873874,,,,,,,,,,,
88.88888889,,,,,,,,,,,
89.03903904,,,,,,,,,,,
89.18918919,,,,,,,,,,,
89.33933934,,,,,,,,,,,
89.48948949,,,,,,,,,,,
89.63963964,,,,,,,,,,,
89.78978979,,,,,,,,,,,
89.93993994,,,,,,,,,,,
90.09009009,,,,,,,,,,,
90.24024024,,,,,,,,,,,
90.39039039,,,,,,,,,,,
90.54054054,,,,,,,,,,,
90.69069069,,,,,,,,,,,
90.84084084,,,,,,,,,,,
90.99099099,,,,,,,,,,,
91.14114114,,,,,,,,,,,
91.29129129,,,,,,,,,,,
91.44144144,,,,,,,,,,,
91.59159159,,,,,,,,,,,
91.74174174,,,,,,,,,,,
91.89189189,,,,,,,,,,,
92.04204204,,,,,,,,,,,
92.19219219,,,,,,,,,,,
92.34234234,,,,,,,,,,,
92.49249249,,,,,,,,,,,
92.64264264,,,,,,,,,,,
92.79279279,,,,,,,,,,,
92.94294294,,,,,,,,,,,
93.09309309,,,,,,,,,,,
93.24324324,,,,,,,,,,,
93.39339339,,,,,,,,,,,
93.54354354,,,,,,,,,,,
93.69369369,,,,,,,,,,,
93.84384384,,,,,,,,,,,
93.99399399,,,,,,,,,,,
94.14414414,,,,,,,,,,,
94.29429429,,,,,,,,,,,
94.44444444,,,,,,,,,,,
94.59459459,,,,,,,,,,,
94.74474474,,,,,,,,,,,
94.89489489,,,,,,,,,,,
95.04504505,,,,,,,,,,,
95.1951952,,,,,,,,,,,
95.34534535,,,,,,,,,,,
95.4954955,,,,,,,,,,,
95.64564565,,,,,,,,,,,
95.7957958,,,,,,,,,,,
95.94594595,,,,,,,,,,,
96.0960961,,,,,,,,,,,
96.24624625,,,,,,,,,,,
96.3963964,,,,,,,,,,,
96.54654655,,,,,,,,,,,
96.6966967,,,,,,,,,,,
96.84684685,,,,,,,,,,,
96.996997,,,,,,,,,,,
97.14714715,,,,,,,,,,,
97.2972973,,,,,,,,,,,
97.44744745,,,,,,,,,,,
97.5975976,,,,,,,,,,,
97.74774775,,,,,,,,,,,
97.8978979,,,,,,,,,,,
98.04804805,,,,,,,,,,,
98.1981982,,,,,,,,,,,
98.34834835,,,,,,,,,,,
98.4984985,,,,,,,,,,,
98.64864865,,,,,,,,,,,
98.7987988,,,,,,,,,,,
98.94894895,,,,,,,,,,,
99.0990991,,,,,,,,,,,
99.24924925,,,,,,,,,,,
99.3993994,,,,,,,,,,,
99.54954955,,,,,,,,,,,
99.6996997,,,,,,,,,,,
99.84984985,,,,,,,,,,,
100,,,,,,,,,,,
100.1501502,,,,,,,,,,,
100.3003003,,,,,,,,,,,
100.4504505,,,,,,,,,,,
100.6006006,,,,,,,,,,,
100.7507508,,,,,,,,,,,
100.9009009,,,,,,,,,,,
101.0510511,,,,,,,,,,,
101.2012012,,,,,,,,,,,
101.3513514,,,,,,,,,,,
101.5015015,,,,,,,,,,,
101.6516517,,,,,,,,,,,
101.8018018,,,,,,,,,,,
101.951952,,,,,,,,,,,
102.1021021,,,,,,,,,,,
102.2522523,,,,,,,,,,,
102.4024024,,,,,,,,,,,
102.5525526,,,,,,,,,,,
102.7027027,,,,,,,,,,,
102.8528529,,,,,,,,,,,
103.003003,,,,,,,,,,,
103.1531532,,,,,,,,,,,
103.3033033,,,,,,,,,,,
103.4534535,,,,,,,,,,,
103.6036036,,,,,,,,,,,
103.7537538,,,,,,,,,,,
103.9039039,,,,,,,,,,,
104.0540541,,,,,,,,,,,
104.2042042,,,,,,,,,,,
104.3543544,,,,,,,,,,,
104.5045045,,,,,,,,,,,
104.6546547,,,,,,,,,,,
104.8048048,,,,,,,,,,,
104.954955,,,,,,,,,,,
105.1051051,,,,,,,,,,,
105.2552553,,,,,,,,,,,
105.4054054,,,,,,,,,,,
105.5555556,,,,,,,,,,,
105.7057057,,,,,,,,,,,
105.8558559,,,,,,,,,,,
106.006006,,,,,,,,,,,
106.1561562,,,,,,,,,,,
106.3063063,,,,,,,,,,,
106.4564565,,,,,,,,,,,
106.6066066,,,,,,,,,,,
106.7567568,,,,,,,,,,,
106.9069069,,,,,,,,,,,
107.0570571,,,,,,,,,,,
107.2072072,,,,,,,,,,,
107.3573574,,,,,,,,,,,
107.5075075,,,,,,,,,,,
107.6576577,,,,,,,,,,,
107.8078078,,,,,,,,,,,
107.957958,,,,,,,,,,,
108.1081081,,,,,,,,,,,
108.2582583,,,,,,,,,,,
108.4084084,,,,,,,,,,,
108.5585586,,,,,,,,,,,
108.7087087,,,,,,,,,,,
108.8588589,,,,,,,,,,,
109.009009,,,,,,,,,,,
109.1591592,,,,,,,,,,,
109.3093093,,,,,,,,,,,
109.4594595,,,,,,,,,,,
109.6096096,,,,,,,,,,,
109.7597598,,,,,,,,,,,
109.9099099,,,,,,,,,,,
110.0600601,,,,,,,,,,,
110.2102102,,,,,,,,,,,
110.3603604,,,,,,,,,,,
110.5105105,,,,,,,,,,,
110.6606607,,,,,,,,,,,
110.8108108,,,,,,,,,,,
110.960961,,,,,,,,,,,
111.1111111,,,,,,,,,,,
111.2612613,,,,,,,,,,,
111.4114114,,,,,,,,,,,
111.5615616,,,,,,,,,,,
111.7117117,,,,,,,,,,,
111.8618619,,,,,,,,,,,
112.012012,,,,,,,,,,,
112.1621622,,,,,,,,,,,
112.3123123,,,,,,,,,,,
112.4624625,,,,,,,,,,,
112.6126126,,,,,,,,,,,
112.7627628,,,,,,,,,,,
112.9129129,,,,,,,,,,,
113.0630631,,,,,,,,,,,
113.2132132,,,,,,,,,,,
113.3633634,,,,,,,,,,,
113.5135135,,,,,,,,,,,
113.6636637,,,,,,,,,,,
113.8138138,,,,,,,,,,,
113.963964,,,,,,,,,,,
114.1141141,,,,,,,,,,,
114.2642643,,,,,,,,,,,
114.4144144,,,,,,,,,,,
114.5645646,,,,,,,,,,,
114.7147147,,,,,,,,,,,
114.8648649,,,,,,,,,,,
115.015015,,,,,,,,,,,
115.1651652,,,,,,,,,,,
115.3153153,,,,,,,,,,,
115.4654655,,,,,,,,,,,
115.6156156,,,,,,,,,,,
115.7657658,,,,,,,,,,,
115.9159159,,,,,,,,,,,
116.0660661,,,,,,,,,,,
116.2162162,,,,,,,,,,,
116.3663664,,,,,,,,,,,
116.5165165,,,,,,,,,,,
116.6666667,,,,,,,,,,,
116.8168168,,,,,,,,,,,
116.966967,,,,,,,,,,,
117.1171171,,,,,,,,,,,
117.2672673,,,,,,,,,,,
117.4174174,,,,,,,,,,,
117.5675676,,,,,,,,,,,
117.7177177,,,,,,,,,,,
117.8678679,,,,,,,,,,,
118.018018,,,,,,,,,,,
118.1681682,,,,,,,,,,,
118.3183183,,,,,,,,,,,
118.4684685,,,,,,,,,,,
118.6186186,,,,,,,,,,,
118.7687688,,,,,,,,,,,
118.9189189,,,,,,,,,,,
119.0690691,,,,,,,,,,,
119.2192192,,,,,,,,,,,
119.3693694,,,,,,,,,,,
119.5195195,,,,,,,,,,,
119.6696697,,,,,,,,,,,
119.8198198,,,,,,,,,,,
119.96997,,,,,,,,,,,
120.1201201,,,,,,,,,,,
120.2702703,,,,,,,,,,,
120.4204204,,,,,,,,,,,
120.5705706,,,,,,,,,,,
120.7207207,,,,,,,,,,,
120.8708709,,,,,,,,,,,
121.021021,,,,,,,,,,,
121.1711712,,,,,,,,,,,
121.3213213,,,,,,,,,,,
121.4714715,,,,,,,,,,,
121.6216216,,,,,,,,,,,
121.7717718,,,,,,,,,,,
121.9219219,,,,,,,,,,,
122.0720721,,,,,,,,,,,
122.2222222,,,,,,,,,,,
122.3723724,,,,,,,,,,,
122.5225225,,,,,,,,,,,
122.6726727,,,,,,,,,,,
122.8228228,,,,,,,,,,,
122.972973,,,,,,,,,,,
123.1231231,,,,,,,,,,,
123.2732733,,,,,,,,,,,
123.4234234,,,,,,,,,,,
123.5735736,,,,,,,,,,,
123.7237237,,,,,,,,,,,
123.8738739,,,,,,,,,,,
124.024024,,,,,,,,,,,
124.1741742,,,,,,,,,,,
124.3243243,,,,,,,,,,,
124.4744745,,,,,,,,,,,
124.6246246,,,,,,,,,,,
124.7747748,,,,,,,,,,,
124.9249249,,,,,,,,,,,
125.0750751,,,,,,,,,,,
125.2252252,,,,,,,,,,,
125.3753754,,,,,,,,,,,
125.5255255,,,,,,,,,,,
125.6756757,,,,,,,,,,,
125.8258258,,,,,,,,,,,
125.975976,,,,,,,,,,,
126.1261261,,,,,,,,,,,
126.2762763,,,,,,,,,,,
126.4264264,,,,,,,,,,,
126.5765766,,,,,,,,,,,
126.7267267,,,,,,,,,,,
126.8768769,,,,,,,,,,,
127.027027,,,,,,,,,,,
127.1771772,,,,,,,,,,,
127.3273273,,,,,,,,,,,
127.4774775,,,,,,,,,,,
127.6276276,,,,,,,,,,,
127.7777778,,,,,,,,,,,
127.9279279,,,,,,,,,,,
128.0780781,,,,,,,,,,,
128.2282282,,,,,,,,,,,
128.3783784,,,,,,,,,,,
128.5285285,,,,,,,,,,,
128.6786787,,,,,,,,,,,
128.8288288,,,,,,,,,,,
128.978979,,,,,,,,,,,
129.1291291,,,,,,,,,,,
129.2792793,,,,,,,,,,,
129.4294294,,,,,,,,,,,
129.5795796,,,,,,,,,,,
129.7297297,,,,,,,,,,,
129.8798799,,,,,,,,,,,
130.03003,,,,,,,,,,,
130.1801802,,,,,,,,,,,
130.3303303,,,,,,,,,,,
130.4804805,,,,,,,,,,,
130.6306306,,,,,,,,,,,
130.7807808,,,,,,,,,,,
130.9309309,,,,,,,,,,,
131.0810811,,,,,,,,,,,
131.2312312,,,,,,,,,,,
131.3813814,,,,,,,,,,,
131.5315315,,,,,,,,,,,
131.6816817,,,,,,,,,,,
131.8318318,,,,,,,,,,,
131.981982,,,,,,,,,,,
132.1321321,,,,,,,,,,,
132.2822823,,,,,,,,,,,
132.4324324,,,,,,,,,,,
132.5825826,,,,,,,,,,,
132.7327327,,,,,,,,,,,
132.8828829,,,,,,,,,,,
133.033033,,,,,,,,,,,
133.1831832,,,,,,,,,,,
133.3333333,,,,,,,,,,,
133.4834835,,,,,,,,,,,
133.6336336,,,,,,,,,,,
133.7837838,,,,,,,,,,,
133.9339339,,,,,,,,,,,
134.0840841,,,,,,,,,,,
134.2342342,,,,,,,,,,,
134.3843844,,,,,,,,,,,
134.5345345,,,,,,,,,,,
134.6846847,,,,,,,,,,,
134.8348348,,,,,,,,,,,
134.984985,,,,,,,,,,,
135.1351351,,,,,,,,,,,
135.2852853,,,,,,,,,,,
135.4354354,,,,,,,,,,,
135.5855856,,,,,,,,,,,
135.7357357,,,,,,,,,,,
135.8858859,,,,,,,,,,,
136.036036,,,,,,,,,,,
136.1861862,,,,,,,,,,,
136.3363363,,,,,,,,,,,
136.4864865,,,,,,,,,,,
136.6366366,,,,,,,,,,,
136.7867868,,,,,,,,,,,
136.9369369,,,,,,,,,,,
137.0870871,,,,,,,,,,,
137.2372372,,,,,,,,,,,
137.3873874,,,,,,,,,,,
137.5375375,,,,,,,,,,,
137.6876877,,,,,,,,,,,
137.8378378,,,,,,,,,,,
137.987988,,,,,,,,,,,
138.1381381,,,,,,,,,,,
138.2882883,,,,,,,,,,,
138.4384384,,,,,,,,,,,
138.5885886,,,,,,,,,,,
138.7387387,,,,,,,,,,,
138.8888889,,,,,,,,,,,
139.039039,,,,,,,,,,,
139.1891892,,,,,,,,,,,
139.3393393,,,,,,,,,,,
139.4894895,,,,,,,,,,,
139.6396396,,,,,,,,,,,
139.7897898,,,,,,,,,,,
139.9399399,,,,,,,,,,,
140.0900901,,,,,,,,,,,
140.2402402,,,,,,,,,,,
140.3903904,,,,,,,,,,,
140.5405405,,,,,,,,,,,
140.6906907,,,,,,,,,,,
140.8408408,,,,,,,,,,,
140.990991,,,,,,,,,,,
141.1411411,,,,,,,,,,,
141.2912913,,,,,,,,,,,
141.4414414,,,,,,,,,,,
141.5915916,,,,,,,,,,,
141.7417417,,,,,,,,,,,
141.8918919,,,,,,,,,,,
142.042042,,,,,,,,,,,
142.1921922,,,,,,,,,,,
142.3423423,,,,,,,,,,,
142.4924925,,,,,,,,,,,
142.6426426,,,,,,,,,,,
142.7927928,,,,,,,,,,,
142.9429429,,,,,,,,,,,
143.0930931,,,,,,,,,,,
143.2432432,,,,,,,,,,,
143.3933934,,,,,,,,,,,
143.5435435,,,,,,,,,,,
143.6936937,,,,,,,,,,,
143.8438438,,,,,,,,,,,
143.993994,,,,,,,,,,,
144.1441441,,,,,,,,,,,
144.2942943,,,,,,,,,,,
144.4444444,,,,,,,,,,,
144.5945946,,,,,,,,,,,
144.7447447,,,,,,,,,,,
144.8948949,,,,,,,,,,,
145.045045,,,,,,,,,,,
145.1951952,,,,,,,,,,,
145.3453453,,,,,,,,,,,
145.4954955,,,,,,,,,,,
145.6456456,,,,,,,,,,,
145.7957958,,,,,,,,,,,
145.9459459,,,,,,,,,,,
146.0960961,,,,,,,,,,,
146.2462462,,,,,,,,,,,
146.3963964,,,,,,,,,,,
146.5465465,,,,,,,,,,,
146.6966967,,,,,,,,,,,
146.8468468,,,,,,,,,,,
146.996997,,,,,,,,,,,
147.1471471,,,,,,,,,,,
147.2972973,,,,,,,,,,,
147.4474474,,,,,,,,,,,
147.5975976,,,,,,,,,,,
147.7477477,,,,,,,,,,,
147.8978979,,,,,,,,,,,
148.048048,,,,,,,,,,,
148.1981982,,,,,,,,,,,
148.3483483,,,,,,,,,,,
148.4984985,,,,,,,,,,,
148.6486486,,,,,,,,,,,
148.7987988,,,,,,,,,,,
148.9489489,,,,,,,,,,,
149.0990991,,,,,,,,,,,
149.2492492,,,,,,,,,,,
149.3993994,,,,,,,,,,,
149.5495495,,,,,,,,,,,
149.6996997,,,,,,,,,,,
149.8498498,,,,,,,,,,,